id,name,loc,email
1,Leanne Graham,Gwenborough,Sincere@april.biz
2,Ervin Howell,Wisokyburgh,Shanna@melissa.tv
3,Clementine Bauch,McKenziehaven,Nathan@yesenia.net
4,Patricia Lebsack,South Elvis,Julianne.OConner@kory.org
5,Chelsey Dietrich,Roscoeview,Lucio_Hettinger@annie.ca
6,Mrs. Dennis Schulist,South Christy,Karley_Dach@jasper.info
7,Kurtis Weissnat,Howemouth,Telly.Hoeger@billy.biz
8,Nicholas Runolfsdottir V,Aliyaview,Sherwood@rosamond.me
9,Glenna Reichert,Bartholomebury,Chaim_McDermott@dana.io
10,Clementina DuBuque,Lebsackbury,Rey.Padberg@karina.biz
